9,709849,gross,341.25
9,2101701,gross,100
9,927066,gross,805
9,42742484,gross,2745
9,42742485,gross,1375
9,42742488,gross,2745
9,42742489,gross,1375
9,2102572,gross,306
9,2102573,gross,176
9,2102574,gross,204
9,2102595,gross,306
9,44816374,gross,1900
9,44816375,gross,980
9,19018604,gross,1480
9,44816377,gross,1480
9,44816380,gross,505
9,44816380,gross,255
9,44816381,gross,255
9,44816382,gross,1105
9,44816383,gross,505
9,44816384,gross,195
9,44816384,gross,95
9,44816385,gross,110
9,1149196,gross,323
9,2102912,gross,323
9,989957,gross,50
9,2103677,gross,50
9,2103884,gross,50
9,2104137,gross,50
9,2104814,gross,55
9,927083,gross,50
9,2105897,gross,455
9,2105897,gross,454
9,2105901,gross,117
9,2105912,gross,117
9,2105913,gross,117
9,2105914,gross,117
9,2105915,gross,220
9,40757039,gross,230
9,19072051,gross,164
9,42742504,gross,164
9,2106241,gross,4131
9,2106257,gross,2800
9,40757150,gross,3050
9,2106469,gross,455
9,2106630,gross,230
9,2106787,gross,439
9,2106787,gross,430
9,2106787,gross,461
9,43527915,gross,780
9,43527916,gross,430
9,2106990,gross,2956
9,2106990,gross,4925
9,927086,gross,6000
9,2108054,gross,72
9,2108093,gross,5559
9,2108115,gross,11
9,2108115,gross,3
9,2108116,gross,11
9,2108119,gross,479.14
9,2108119,gross,958.28
9,2108119,gross,1437.42
9,2108119,gross,1916.56
9,2108119,gross,2395.7
9,2108119,gross,2874.84
9,2108190,gross,649
9,2108190,gross,740
9,2108254,gross,230
9,2108255,gross,205
9,2108259,gross,410
9,2108260,gross,20
9,2108261,gross,685
9,40756946,gross,4318
9,40756927,gross,8727
9,40756934,gross,5100
9,40756872,gross,10000
9,40757050,gross,8727
9,2108492,gross,505
9,42032250,gross,2575
9,42628600,gross,2575
9,2109474,gross,1554
9,2109478,gross,582
9,42627894,gross,55
9,2109726,gross,55
9,2109730,gross,56
9,2109731,gross,93
9,2109732,gross,111
9,2109736,gross,460
9,2109833,gross,6466
9,2109983,gross,3700
9,2109993,gross,3360
9,2110199,gross,55
9,41890428,gross,4148
9,2110228,gross,4148
9,2110283,gross,247
9,2110284,gross,148
9,2110369,gross,8000
9,2110609,gross,394
9,2110754,gross,637
9,2110761,gross,525
9,2110763,gross,525
9,2110766,gross,525
9,2110786,gross,6556
9,2110792,gross,3169
9,2110793,gross,2415
9,2110794,gross,3279
9,2110795,gross,2940
9,2111247,gross,2800
9,2211292,gross,120
9,2211293,gross,195
9,41992882,gross,240
9,2211295,gross,240
9,2211299,gross,195
9,2211300,gross,240
9,2211301,gross,140
9,2211304,gross,270
9,41993408,gross,180
9,2211306,gross,180
9,2211307,gross,260
9,2211308,gross,455
9,2211309,gross,195
9,41984932,gross,270
9,2211311,gross,270
9,2211315,gross,200
9,41954370,gross,250
9,2211316,gross,250
9,2211318,gross,2000
9,2211321,gross,185
9,2211327,gross,1175
9,2211328,gross,1275
9,2211329,gross,1375
9,2211330,gross,1275
9,2211331,gross,1375
9,2211332,gross,1475
9,2211333,gross,1275
9,2211334,gross,1375
9,2211335,gross,1475
9,2211336,gross,1275
9,2211337,gross,1375
9,2211338,gross,1475
9,2211339,gross,1575
9,2211340,gross,1575
9,2211341,gross,2300
9,2211344,gross,2500
9,2211345,gross,2000
9,2211346,gross,2100
9,2211347,gross,2200
9,2211348,gross,2000
9,2211349,gross,2100
9,2211350,gross,2200
9,2211351,gross,2400
9,2211352,gross,2500
9,41939096,gross,2600
9,2211353,gross,2600
9,725068,gross,155
9,725069,gross,199
9,724942,gross,225
9,724943,gross,295
9,2211375,gross,355
9,2211376,gross,150
9,2211377,gross,195
9,2211378,gross,1400
9,2211378,gross,700
9,2211379,gross,1500
9,41950975,gross,1600
9,2211380,gross,1600
9,2211381,gross,1900
9,2211382,gross,2200
9,2211384,gross,2400
9,41935382,gross,145
9,2211387,gross,145
9,2211388,gross,215
9,2211389,gross,270
9,2211390,gross,295
9,2211392,gross,195
9,2211393,gross,230
9,2211394,gross,280
9,2211395,gross,345
9,42628477,gross,190
9,42628578,gross,275
9,42628578,gross,400
9,2211397,gross,275
9,2211398,gross,340
9,2211399,gross,395
9,2211401,gross,1500
9,2211402,gross,1600
9,2211404,gross,1400
9,2211405,gross,1500
9,2211407,gross,1400
9,2211408,gross,1500
9,2211409,gross,1600
9,2211410,gross,2200
9,2211411,gross,2300
9,2211412,gross,2200
9,2211413,gross,2300
9,41957882,gross,2200
9,2211414,gross,2200
9,2211415,gross,2300
9,2211416,gross,2400
9,2211417,gross,2400
9,2211418,gross,2400
9,2211420,gross,195
9,2211422,gross,1600
9,2211423,gross,1350
9,2211424,gross,1450
9,2211425,gross,1550
9,2211426,gross,2200
9,2211427,gross,2225
9,2211428,gross,2400
9,2211430,gross,185
9,2211431,gross,195
9,2211432,gross,185
9,2211448,gross,170
9,2211462,gross,1275
9,2211463,gross,1375
9,2211464,gross,1525
9,41939144,gross,2100
9,2211465,gross,2100
9,2211467,gross,2300
9,2211468,gross,2100
9,2211469,gross,2200
9,2211470,gross,2300
9,42628025,gross,198
9,42628062,gross,320
9,2211483,gross,145
9,41918830,gross,260
9,2211495,gross,1275
9,2211496,gross,1375
9,2211497,gross,1550
9,2211498,gross,2100
9,41953018,gross,2200
9,2211499,gross,2200
9,2211500,gross,2300
9,2211501,gross,2000
9,2211502,gross,2100
9,2211503,gross,2200
9,41955131,gross,165
9,724944,gross,165
9,41954250,gross,225
9,724945,gross,225
9,41938117,gross,245
9,724988,gross,245
9,41965134,gross,320
9,2211509,gross,320
9,41940197,gross,1400
9,2211510,gross,1400
9,41934017,gross,1500
9,2211511,gross,1500
9,41941452,gross,1600
9,19018999,gross,1600
9,2211512,gross,1600
9,41935686,gross,3250
9,42742548,gross,3250
9,41938360,gross,1650
9,2211513,gross,1650
9,41943368,gross,2750
9,40756931,gross,2750
9,41934824,gross,2950
9,40756910,gross,2950
9,41941370,gross,3200
9,40756956,gross,3200
9,41941370,gross,3050
9,40756956,gross,3050
9,41941370,gross,2950
9,40756956,gross,2950
9,41941370,gross,3075
9,40756956,gross,3075
9,2211514,gross,2100
9,2211516,gross,2300
9,2211520,gross,340
9,2211521,gross,435
9,2211523,gross,395
9,2211523,gross,525
9,41954110,gross,510
9,2211526,gross,510
9,41954110,gross,425
9,2211526,gross,425
9,2211529,gross,400
9,41931512,gross,450
9,2211532,gross,450
9,2211533,gross,550
9,41950317,gross,395
9,2211537,gross,395
9,2211538,gross,265
9,2211548,gross,375
9,2211551,gross,480
9,41936418,gross,580
9,2211552,gross,580
9,41965673,gross,970
9,2211553,gross,970
9,41952157,gross,400
9,2211554,gross,400
9,41951319,gross,435
9,2211555,gross,435
9,2211558,gross,405
9,41948149,gross,490
9,2211559,gross,490
9,41940372,gross,495
9,2211565,gross,495
9,2211583,gross,2535
9,1322199,gross,1650
9,2211585,gross,1650
9,2211596,gross,2535
9,2211597,gross,5070
9,2211603,gross,2535
9,2211608,gross,2535
9,41954703,gross,220
9,2211668,gross,220
9,41968830,gross,400
9,2211701,gross,400
9,2211702,gross,275
9,41941173,gross,400
9,2211717,gross,400
9,2211718,gross,895
9,2211728,gross,385
9,2211737,gross,490
9,2211738,gross,430
9,2211738,gross,450
9,2211740,gross,950
9,2211741,gross,500
9,2211741,gross,515
9,2211742,gross,680
9,41962132,gross,485
9,2211743,gross,485
9,42046386,gross,395
9,2211746,gross,395
9,2211747,gross,410
9,2211748,gross,300
9,2211749,gross,410
9,2211750,gross,300
9,2211755,gross,370
9,2211755,gross,510
9,2211757,gross,615
9,2211758,gross,575
9,2211759,gross,550
9,41954152,gross,615
9,2211765,gross,615
9,2211767,gross,515
9,2211768,gross,405
9,2211768,gross,425
9,2211769,gross,495
9,40757038,gross,425
9,2211773,gross,395
9,2211779,gross,360
9,2211783,gross,360
9,2211785,gross,350
9,2211795,gross,360
9,2211797,gross,350
9,2211798,gross,275
9,2211799,gross,340
9,46257687,gross,60
9,46257521,gross,60
9,46257421,gross,60
9,42628028,gross,210
9,42627987,gross,190
9,2211818,gross,135
9,2211819,gross,199
9,41943236,gross,355
9,2211820,gross,355
9,2211822,gross,295
9,2211826,gross,255
9,41945837,gross,795
9,43527939,gross,795
9,2211920,gross,795
9,2211941,gross,995
9,2211947,gross,1050
9,42742553,gross,1050
9,2211957,gross,1175
9,2211958,gross,25
9,2211959,gross,250
9,2211963,gross,1175
9,2211965,gross,1075
9,41951628,gross,995
9,2211968,gross,995
9,2211969,gross,1095
9,2211970,gross,1195
9,2211971,gross,1295
9,40756922,gross,1725
9,40756833,gross,1975
9,2211990,gross,950
9,2211991,gross,1275
9,2212002,gross,850
9,42742555,gross,1575
9,2212018,gross,2975
9,2212032,gross,1125
9,2212033,gross,1225
9,2212034,gross,1275
9,2212045,gross,1250
9,2212046,gross,1195
9,2212057,gross,2975
9,2212058,gross,2975
9,2212066,gross,1300
9,2212090,gross,61
9,2212091,gross,228
9,2212092,gross,31
9,2212093,gross,77
9,2212093,gross,15
9,2212094,gross,215
9,2212095,gross,104
9,2212095,gross,7
9,2212095,gross,7.5
9,2212095,gross,6
9,2212095,gross,101
9,2212095,gross,15
9,2212096,gross,70
9,41939668,gross,195
9,2212098,gross,195
9,41939668,gross,199
9,2212098,gross,199
9,41939668,gross,193
9,2212098,gross,193
9,2212099,gross,72
9,2212099,gross,12
9,41965567,gross,28
9,2212102,gross,28
9,2212105,gross,66
9,41992258,gross,62
9,2212108,gross,62
9,2212109,gross,50.1
9,2212110,gross,77
9,41990853,gross,69.38
9,44816350,gross,69.38
9,2212112,gross,68
9,2212113,gross,65
9,2212113,gross,58
9,2212115,gross,27
9,41993454,gross,213.5
9,44816360,gross,213.5
9,41989885,gross,60
9,2212116,gross,60
9,44816351,gross,49.74
9,44816347,gross,49.74
9,44816363,gross,49.67
9,2212121,gross,30
9,2212121,gross,29
9,44816359,gross,114.03
9,44816361,gross,49.74
9,2212123,gross,48
9,2212123,gross,50
9,2212124,gross,57
9,2212125,gross,61
9,41932166,gross,74.55
9,709996,gross,74.55
9,2212126,gross,72
9,41936214,gross,62
9,2212130,gross,62
9,2212132,gross,212
9,2212133,gross,61
9,2212134,gross,68
9,2212135,gross,70
9,2212136,gross,100
9,44816355,gross,49.74
9,709998,gross,74.55
9,41940217,gross,51.32
9,2212137,gross,51.32
9,41940217,gross,59
9,2212137,gross,59
9,41940217,gross,143
9,2212137,gross,143
9,41940217,gross,72
9,2212137,gross,72
9,41940217,gross,236.25
9,2212137,gross,236.25
9,41940217,gross,323.49
9,2212137,gross,323.49
9,41940217,gross,171.65
9,2212137,gross,171.65
9,41940217,gross,105.56
9,2212137,gross,105.56
9,41931658,gross,55.1
9,46257737,gross,55.1
9,42628602,gross,99.06
9,42628602,gross,178
9,42628602,gross,185
9,42628602,gross,217.94
9,42628602,gross,158.5
9,42628602,gross,210
9,42628602,gross,150
9,42628602,gross,240
9,42628602,gross,18
9,42628602,gross,13
9,42628602,gross,35
9,42628602,gross,45
9,42628602,gross,198.12
9,42628602,gross,161.23
9,42628602,gross,188.28
9,42628602,gross,402.5
9,42628602,gross,390
9,42628602,gross,217.92
9,42628602,gross,205.89
9,42628602,gross,418.25
9,42628602,gross,343.75
9,42628602,gross,197.53
9,42628602,gross,270
9,42628602,gross,330
9,42628602,gross,300
9,42628602,gross,360
9,42628602,gross,294
9,42628602,gross,332
9,42628602,gross,20
9,42628602,gross,177.79
9,46257550,gross,60
9,46257550,gross,219.84
9,46257550,gross,20.2
9,46257550,gross,36.74
9,46257653,gross,159.88
9,46257653,gross,159.9
9,46257653,gross,18.37
9,46257653,gross,41.69
9,46257739,gross,219.84
9,46257739,gross,53
9,46257739,gross,58
9,46257739,gross,159.88
9,46257697,gross,219.84
9,46257554,gross,124.25
9,46257488,gross,66
9,46257488,gross,68.26
9,46257488,gross,70.32
9,46257489,gross,159.88
9,46257489,gross,159.9
9,46257489,gross,36.74
9,46257489,gross,30
9,41956633,gross,219.84
9,46257411,gross,219.84
9,41956633,gross,159.88
9,46257411,gross,159.88
9,41956633,gross,159.9
9,46257411,gross,159.9
9,41947061,gross,36.74
9,46257556,gross,36.74
9,41947061,gross,259
9,46257556,gross,259
9,41947061,gross,63.36
9,46257556,gross,63.36
9,41943761,gross,159.88
9,46257655,gross,159.88
9,41943761,gross,50.83
9,46257655,gross,50.83
9,41959749,gross,159.9
9,46257525,gross,159.9
9,41959749,gross,36.74
9,46257525,gross,36.74
9,41959749,gross,36.9
9,46257525,gross,36.9
9,46257412,gross,159.88
9,46257412,gross,159.9
9,46257412,gross,36.74
9,46257412,gross,33.55
9,46257413,gross,18.37
9,46257413,gross,160
9,46257413,gross,43.72
9,46257462,gross,68.26
9,46257741,gross,219.84
9,46257741,gross,159.88
9,46257741,gross,36.08
9,46257490,gross,219.84
9,46257490,gross,18.37
9,46257490,gross,160
9,46257490,gross,27.83
9,46257463,gross,159.88
9,46257463,gross,159.9
9,46257463,gross,18.37
9,46257463,gross,46.75
9,46257464,gross,219.84
9,46257464,gross,159.88
9,46257464,gross,159.9
9,46257464,gross,36.74
9,46257464,gross,39
9,46257491,gross,70.32
9,46257558,gross,34.4
9,46257559,gross,134.75
9,46257492,gross,63.93
9,46257528,gross,219.84
9,46257745,gross,31.92
9,46257745,gross,145.25
9,46257745,gross,314.68
9,46257745,gross,54.62
9,46257562,gross,191.19
9,2212165,gross,16
9,2212166,gross,34
9,2212166,gross,3
9,2212166,gross,6
9,2212167,gross,23
9,2212168,gross,23
9,2212168,gross,11
9,2212168,gross,3
9,2212168,gross,6
9,2212171,gross,14
9,2212173,gross,39
9,2212173,gross,38
9,2212174,gross,14
9,42742297,gross,356.35
9,42742302,gross,184.14
9,42742303,gross,69.24
9,42742303,gross,461.25
9,42742303,gross,130.3
9,42742305,gross,314.72
9,42742305,gross,85.25
9,42742328,gross,163.35
9,42742329,gross,1034
9,42742332,gross,1034
9,42742335,gross,1034
9,42742345,gross,1034
9,42742374,gross,1812
9,2212179,gross,20
9,19132924,gross,90
9,2212180,gross,90
9,19132924,gross,33
9,2212180,gross,33
9,2212183,gross,389
9,2212183,gross,213.82
9,2212184,gross,157
9,2212186,gross,22
9,2212186,gross,21
9,2212186,gross,15.13
9,19132941,gross,23
9,2212187,gross,23
9,19132941,gross,22
9,2212187,gross,22
9,19132942,gross,26
9,2212188,gross,26
9,19132942,gross,23
9,2212188,gross,23
9,19132942,gross,21.8
9,2212188,gross,21.8
9,19132942,gross,19.64
9,2212188,gross,19.64
9,2212193,gross,41
9,19132965,gross,176
9,2212194,gross,176
9,19132965,gross,173
9,2212194,gross,173
9,19132965,gross,138.35
9,2212194,gross,138.35
9,2212196,gross,58
9,2212196,gross,169
9,2212196,gross,78.82
9,2212196,gross,125.39
9,2212198,gross,72
9,2212198,gross,70
9,2212198,gross,73
9,2212201,gross,111
9,19132984,gross,271
9,2212205,gross,271
9,19132984,gross,63.75
9,2212205,gross,63.75
9,2212206,gross,73
9,2212207,gross,218
9,2212207,gross,63.75
9,2212207,gross,467.5
9,2212208,gross,163.92
9,2212209,gross,62
9,2212212,gross,66
9,2212214,gross,127
9,2212217,gross,74
9,2212218,gross,70
9,2212218,gross,76
9,2212219,gross,134
9,2212219,gross,96
9,2212220,gross,43
9,2212223,gross,162
9,2212224,gross,73
9,2212224,gross,71
9,2212226,gross,24
9,2212226,gross,71
9,2212226,gross,23
9,2212226,gross,34.83
9,2212227,gross,23
9,2212231,gross,18
9,2212232,gross,16
9,2212233,gross,18
9,2212235,gross,50
9,2212237,gross,98
9,2212238,gross,127
9,2212238,gross,110.8
9,2212240,gross,261
9,2212241,gross,23
9,2212241,gross,22
9,2212242,gross,58
9,2212242,gross,56
9,2212244,gross,23
9,2212246,gross,55
9,2212247,gross,100.14
9,2212250,gross,24
9,2212251,gross,48
9,2212253,gross,84
9,2212253,gross,105
9,2212253,gross,108
9,2212253,gross,83
9,2212254,gross,72
9,2212255,gross,40
9,2212258,gross,107
9,2212258,gross,108
9,2212258,gross,111
9,2212258,gross,85.75
9,2212260,gross,45
9,2212261,gross,60
9,2212263,gross,21
9,2212264,gross,22
9,2212265,gross,22
9,2212265,gross,134
9,2212267,gross,20
9,2212267,gross,30
9,2212267,gross,5
9,2212268,gross,26
9,2212275,gross,269
9,2212277,gross,79
9,2212278,gross,120
9,2212280,gross,63
9,2212280,gross,235
9,2212281,gross,272
9,2212281,gross,50
9,2212283,gross,72
9,2212283,gross,66
9,2212283,gross,63.03
9,2212284,gross,72
9,2212284,gross,69
9,2212284,gross,122.5
9,2212284,gross,61.49
9,2212284,gross,55.33
9,2212285,gross,19
9,2212287,gross,67.65
9,2212287,gross,78
9,2212287,gross,235
9,2212287,gross,334
9,2212287,gross,112
9,2212287,gross,67.73
9,2212287,gross,67.6
9,2212290,gross,48
9,2212290,gross,47
9,2212291,gross,58
9,2212292,gross,108
9,2212294,gross,25
9,2212295,gross,23
9,2212295,gross,68
9,2212295,gross,24
9,2212295,gross,12
9,2212295,gross,22
9,2212295,gross,21
9,2212295,gross,20.16
9,2212295,gross,17.57
9,2212295,gross,17.58
9,2212296,gross,47
9,2212298,gross,29
9,2212299,gross,130
9,2212300,gross,79
9,2212304,gross,108
9,2212304,gross,110
9,41963262,gross,88
9,2212305,gross,88
9,927156,gross,89.46
9,2212312,gross,124
9,41948407,gross,306.25
9,2212314,gross,306.25
9,2212315,gross,341.25
9,2212315,gross,235
9,2212315,gross,155
9,2212317,gross,147
9,2212319,gross,80
9,2212320,gross,89.21
9,2212320,gross,98
9,2212322,gross,94
9,2212323,gross,104
9,2212323,gross,105
9,2212323,gross,91.22
9,2212324,gross,106
9,2212326,gross,62
9,2212328,gross,33
9,2212328,gross,32.75
9,2212328,gross,23
9,2212329,gross,72
9,2212331,gross,60
9,2212332,gross,318
9,41993106,gross,70
9,19043820,gross,70
9,2212333,gross,70
9,19133225,gross,241.04
9,2212334,gross,241.04
9,19133225,gross,241.56
9,2212334,gross,241.56
9,2212337,gross,68
9,2212338,gross,66
9,2212342,gross,202
9,43527903,gross,121.69
9,2212344,gross,41
9,2212344,gross,40
9,2212344,gross,128
9,2212344,gross,39
9,2212344,gross,38
9,2212344,gross,37
9,2212344,gross,31.57
9,2212345,gross,71
9,2212345,gross,73
9,2212345,gross,61.63
9,2212346,gross,33
9,2212346,gross,30.33
9,2212347,gross,28
9,2212348,gross,93
9,2212348,gross,85
9,2212348,gross,82
9,2212355,gross,75
9,2212357,gross,18
9,2212359,gross,24
9,2212359,gross,6
9,2212359,gross,4
9,2212359,gross,28
9,2212359,gross,8
9,2212360,gross,24
9,2212360,gross,2
9,2212360,gross,11.98
9,2212361,gross,24
9,2212361,gross,55
9,2212361,gross,23
9,2212362,gross,55
9,2212363,gross,18
9,2212365,gross,21
9,2212367,gross,13
9,2212371,gross,31
9,2212371,gross,71
9,2212371,gross,41
9,2212375,gross,63
9,2212376,gross,79
9,2212376,gross,77
9,2212376,gross,81
9,2212377,gross,81
9,2212377,gross,80
9,2212378,gross,72
9,2212381,gross,53
9,2212381,gross,71
9,2212381,gross,74
9,2212383,gross,288
9,19044416,gross,89
9,2212386,gross,89
9,19044416,gross,126
9,2212386,gross,126
9,2212388,gross,61.3
9,2212388,gross,79
9,2212388,gross,67.6
9,2212388,gross,75
9,2212388,gross,68.26
9,2212388,gross,7
9,2212392,gross,49
9,2212392,gross,42
9,2212392,gross,7
9,2212392,gross,14
9,2212395,gross,32
9,41937901,gross,97
9,2212406,gross,97
9,41937901,gross,73
9,2212406,gross,73
9,41937901,gross,71
9,2212406,gross,71
9,2212407,gross,86
9,2212409,gross,55
9,2212410,gross,119
9,2212414,gross,1281.5
9,2212414,gross,128
9,2212414,gross,57
9,2212414,gross,26
9,2212414,gross,50
9,2212414,gross,48
9,2212414,gross,108
9,2212414,gross,168
9,2212414,gross,46
9,2212414,gross,42.9
9,2212414,gross,43.2
9,2212414,gross,350
9,2212414,gross,28.48
9,2212414,gross,35.23
9,2212416,gross,317
9,2212416,gross,160
9,2212416,gross,182
9,2212416,gross,229
9,2212416,gross,121
9,2212416,gross,399
9,2212416,gross,288
9,2212416,gross,149
9,2212416,gross,51.07
9,2212416,gross,178
9,2212416,gross,50.57
9,2212416,gross,91.78
9,2212416,gross,141.63
9,2212417,gross,56
9,2212417,gross,446
9,2212417,gross,226
9,2212417,gross,86
9,2212417,gross,102
9,2212417,gross,81
9,2212417,gross,229
9,2212417,gross,262
9,2212417,gross,119
9,2212417,gross,57
9,2212417,gross,260
9,2212417,gross,48.95
9,2212417,gross,362.25
9,2212417,gross,47.49
9,2212418,gross,50
9,2212418,gross,42.82
9,2212421,gross,29
9,2212422,gross,38
9,2212427,gross,46
9,2212428,gross,27
9,2212428,gross,26
9,2212429,gross,40
9,2212430,gross,83
9,2212435,gross,41
9,2212435,gross,96
9,2212435,gross,53
9,2212435,gross,5
9,2212435,gross,50
9,2212436,gross,82.36
9,2212439,gross,107
9,2212441,gross,66
9,2212441,gross,60
9,2212445,gross,74
9,2212446,gross,132
9,2212446,gross,129
9,2212449,gross,37
9,2212451,gross,41
9,2212453,gross,146
9,2212453,gross,39
9,2212453,gross,31
9,2212453,gross,30
9,2212455,gross,68
9,2212455,gross,104
9,2212457,gross,68.12
9,2212459,gross,134
9,2212459,gross,72
9,2212460,gross,72
9,2212460,gross,73
9,2212460,gross,66
9,2212467,gross,74
9,2212468,gross,55
9,2212470,gross,165
9,2212470,gross,146
9,2212470,gross,115.23
9,2212471,gross,71
9,2212471,gross,58
9,2212471,gross,89
9,2212495,gross,42.16
9,2212496,gross,84
9,2212496,gross,85
9,2212497,gross,216
9,2212498,gross,185
9,2212499,gross,71
9,2212499,gross,108
9,2212501,gross,29
9,2212501,gross,30
9,2212501,gross,18.18
9,2212502,gross,27
9,2212502,gross,18.75
9,2212504,gross,55
9,2212507,gross,173
9,2212507,gross,171
9,2212507,gross,167
9,2212508,gross,17
9,2212509,gross,55.14
9,2212509,gross,159.9
9,2212509,gross,36.74
9,2212509,gross,46.2
9,2212510,gross,365
9,2212512,gross,128
9,2212516,gross,34
9,2212517,gross,23
9,2212519,gross,60
9,2212523,gross,39
9,2212524,gross,25
9,2212526,gross,36
9,2212526,gross,31.65
9,40756825,gross,255
9,2212528,gross,62
9,2212528,gross,64
9,2212529,gross,334.25
9,2212531,gross,20
9,2212532,gross,19
9,2212533,gross,64
9,2212536,gross,75
9,2212538,gross,88
9,2212538,gross,90
9,40757108,gross,466
9,40757108,gross,100.49
9,2212539,gross,82
9,2212539,gross,85
9,2212542,gross,81
9,2212542,gross,79
9,2212542,gross,69.38
9,2212542,gross,7.5
9,2212542,gross,6
9,2212542,gross,80
9,2212542,gross,15
9,2212542,gross,63
9,2212543,gross,79
9,2212544,gross,17
9,2212544,gross,16
9,2212544,gross,15
9,2212545,gross,17
9,2212545,gross,18
9,2212545,gross,16
9,2212545,gross,110.94
9,2212546,gross,17
9,2212549,gross,45
9,2212549,gross,44
9,2212549,gross,43
9,2212550,gross,51
9,2212550,gross,45
9,2212550,gross,44.47
9,2212550,gross,73
9,2212551,gross,142.54
9,2212552,gross,229
9,2212552,gross,298
9,2212552,gross,802
9,2212553,gross,48.7
9,2212553,gross,60
9,2212555,gross,78
9,2212556,gross,118
9,2212564,gross,92
9,2212564,gross,74.66
9,2212565,gross,89
9,2212566,gross,111
9,2212567,gross,84
9,2212568,gross,95
9,2212568,gross,66.41
9,2212571,gross,21
9,2212572,gross,21
9,2212573,gross,128
9,2212574,gross,60
9,41942429,gross,204.58
9,2212579,gross,204.58
9,2212580,gross,22
9,2212584,gross,107
9,2212584,gross,110
9,2212584,gross,106
9,2212584,gross,95.4
9,2212585,gross,108
9,2212585,gross,112
9,2212585,gross,107
9,2212585,gross,96.72
9,2212585,gross,78.87
9,42628610,gross,199.51
9,2212586,gross,134
9,2212588,gross,62.59
9,41968378,gross,40
9,2212589,gross,40
9,2212591,gross,38
9,2212591,gross,37
9,2212591,gross,34
9,2212593,gross,85
9,2212593,gross,70
9,2212593,gross,7
9,2212594,gross,172.65
9,2212595,gross,48.15
9,41934895,gross,23
9,2212597,gross,23
9,41934895,gross,33
9,2212597,gross,33
9,2212598,gross,23
9,2212598,gross,71
9,2212598,gross,34
9,2212599,gross,55
9,2212600,gross,28
9,2212600,gross,74
9,2212600,gross,35
9,2212601,gross,42
9,2212602,gross,73
9,2212603,gross,71
9,2212603,gross,72
9,41959368,gross,69
9,2212604,gross,69
9,2212605,gross,98
9,2212611,gross,23
9,2212613,gross,21
9,2212614,gross,25
9,2212615,gross,24
9,2212615,gross,23
9,2212616,gross,33
9,2212616,gross,13.97
9,2212621,gross,75
9,2212622,gross,390
9,2212623,gross,149
9,2212624,gross,54
9,2212624,gross,48
9,2212625,gross,142
9,2212625,gross,370
9,2212626,gross,185
9,2212629,gross,48
9,2212630,gross,67
9,2212630,gross,63
9,2212631,gross,45
9,2212631,gross,38
9,2212631,gross,44
9,2212632,gross,39
9,2212632,gross,34
9,2212635,gross,28
9,2212635,gross,215
9,2212635,gross,224
9,2212635,gross,126
9,2212636,gross,20
9,2212638,gross,16
9,2212638,gross,21
9,2212642,gross,16
9,2212643,gross,16
9,2212643,gross,11
9,2212643,gross,14
9,2212648,gross,66
9,2212648,gross,6
9,2212648,gross,3
9,2212649,gross,28
9,2212649,gross,32
9,2212652,gross,14
9,2212654,gross,24
9,2212656,gross,11
9,2212657,gross,20
9,2212666,gross,232
9,2212667,gross,228
9,2212668,gross,228
9,2212669,gross,76
9,2212669,gross,255
9,2212669,gross,77
9,2212671,gross,178
9,2212671,gross,99
9,2212672,gross,250
9,2212672,gross,99
9,2212672,gross,86.74
9,2212674,gross,236
9,2212675,gross,247
9,2212675,gross,60.78
9,2212677,gross,247
9,2212679,gross,99.79
9,2212682,gross,207
9,2212682,gross,50
9,2212682,gross,45.87
9,2212682,gross,69.24
9,2212682,gross,44.36
9,2212683,gross,82
9,2212683,gross,40.87
9,2212684,gross,50
9,2212684,gross,52
9,2212685,gross,74
9,2212685,gross,207
9,2212685,gross,60
9,2212685,gross,58
9,2212685,gross,69.24
9,2212685,gross,51.76
9,2212685,gross,42.27
9,2212686,gross,61
9,2212686,gross,50
9,2212687,gross,120
9,2212687,gross,63
9,2212687,gross,207
9,2212687,gross,60
9,2212687,gross,62
9,2212687,gross,75
9,2212687,gross,69.24
9,2212687,gross,119
9,2212687,gross,53.46
9,2212688,gross,207
9,2212688,gross,62
9,2212688,gross,66
9,2212688,gross,53.46
9,41960337,gross,84
9,2212695,gross,84
9,41960337,gross,87
9,2212695,gross,87
9,41944076,gross,49
9,2212698,gross,49
9,2212699,gross,49
9,2212699,gross,78
9,41948812,gross,36
9,2212701,gross,36
9,41948812,gross,108
9,2212701,gross,108
9,41948812,gross,31.74
9,2212701,gross,31.74
9,41948812,gross,28.85
9,2212701,gross,28.85
9,41959391,gross,36
9,2212702,gross,36
9,41951022,gross,294
9,2212705,gross,294
9,2212709,gross,207
9,2212709,gross,24.45
9,2212713,gross,33
9,2212714,gross,29
9,2212716,gross,57
9,2212716,gross,51.56
9,2212721,gross,37
9,2212723,gross,79
9,2212724,gross,214.38
9,2212730,gross,83
9,40756940,gross,67.82
9,40756940,gross,32
9,40756940,gross,83
9,40756940,gross,61.02
9,2212731,gross,34
9,2212731,gross,32
9,2212731,gross,3.5
9,2212731,gross,8
9,2212731,gross,29.5
9,41958139,gross,29.5
9,2212732,gross,29.5
9,2212734,gross,193
9,2212734,gross,116
9,2212734,gross,41
9,2212734,gross,36.85
9,2212734,gross,32
9,2212734,gross,50
9,2212734,gross,35.83
9,2212734,gross,32.53
9,2212736,gross,23
9,2212736,gross,19
9,2212737,gross,9.15
9,2212738,gross,25
9,2212738,gross,24
9,41946735,gross,25
9,2212739,gross,25
9,41946735,gross,123
9,2212739,gross,123
9,41946735,gross,32
9,2212739,gross,32
9,41946735,gross,17.63
9,2212739,gross,17.63
9,2212741,gross,41
9,2212741,gross,36.03
9,2212742,gross,50
9,2212742,gross,27
9,2212742,gross,32
9,2212742,gross,36
9,2212742,gross,49.25
9,2212743,gross,28
9,2212743,gross,73
9,2212743,gross,32
9,2212743,gross,37
9,2212743,gross,24.23
9,2212743,gross,94.08
9,2212743,gross,21.95
9,2212744,gross,44
9,2212746,gross,120
9,2212747,gross,21
9,2212747,gross,24
9,2212748,gross,24
9,2212748,gross,22
9,2212748,gross,23
9,2212748,gross,10
9,2212748,gross,71.75
9,2212748,gross,19.53
9,2212748,gross,19.55
9,2212748,gross,19.69
9,2212748,gross,17.71
9,2212749,gross,36
9,2212749,gross,24
9,725106,gross,60.89
9,725106,gross,121.78
9,725106,gross,55
9,2212751,gross,73
9,2212751,gross,329
9,2212751,gross,71.56
9,2212751,gross,68.92
9,2212753,gross,261.78
9,2212753,gross,50
9,2212753,gross,136
9,2212753,gross,53
9,2212753,gross,45.29
9,2212753,gross,41.03
9,2212753,gross,97.1
9,2212753,gross,36.93
9,2212755,gross,32
9,2212761,gross,27
9,41953932,gross,87
9,2212762,gross,87
9,41953932,gross,86
9,2212762,gross,86
9,41935072,gross,63
9,2212763,gross,63
9,41935072,gross,32
9,2212763,gross,32
9,41935072,gross,103
9,2212763,gross,103
9,41935072,gross,54.31
9,2212763,gross,54.31
9,41935072,gross,97.1
9,2212763,gross,97.1
9,2212764,gross,64
9,2212764,gross,63
9,2212764,gross,32
9,2212764,gross,103
9,2212764,gross,54.31
9,2212764,gross,97.1
9,2212765,gross,76
9,2212765,gross,55.99
9,2212768,gross,28
9,2212769,gross,50
9,2212769,gross,45.38
9,2212769,gross,97.1
9,2212770,gross,51
9,2212770,gross,50
9,2212771,gross,86
9,2212774,gross,57
9,2212774,gross,97.1
9,2212775,gross,132
9,2212776,gross,58
9,2212776,gross,28
9,2212776,gross,37.42
9,2212776,gross,25
9,2212776,gross,51.45
9,2212776,gross,33.94
9,2212776,gross,97.1
9,2212776,gross,46.67
9,2212777,gross,50
9,2212778,gross,74
9,2212778,gross,48
9,2212778,gross,146
9,2212778,gross,76
9,2212778,gross,36
9,2212778,gross,48.86
9,2212778,gross,75
9,2212778,gross,30
9,2212778,gross,67.18
9,2212778,gross,44.28
9,2212778,gross,97.1
9,2212778,gross,60.89
9,2212778,gross,61
9,2212780,gross,149
9,2212780,gross,58
9,2212780,gross,127
9,2212780,gross,53
9,2212780,gross,122
9,2212780,gross,50
9,2212780,gross,45.12
9,2212780,gross,117.25
9,2212780,gross,40.92
9,2212780,gross,36.82
9,2212781,gross,50
9,2212781,gross,51
9,2212785,gross,88
9,2212785,gross,91
9,2212785,gross,110
9,2212786,gross,88
9,2212786,gross,108
9,2212787,gross,88
9,2212787,gross,104
9,2212787,gross,87
9,2212788,gross,23
9,2212788,gross,22
9,2212791,gross,212
9,2212792,gross,64
9,2212792,gross,62
9,2212792,gross,54.45
9,2212792,gross,50.88
9,2212792,gross,26
9,2212798,gross,48
9,2212798,gross,125
9,2212799,gross,102
9,2212800,gross,89
9,2212801,gross,94
9,2212801,gross,13.86
9,2212801,gross,117
9,2212802,gross,65
9,2212802,gross,152.54
9,2212803,gross,92
9,2212804,gross,141
9,2212805,gross,50.3
9,2212805,gross,68
9,2212805,gross,214
9,2212805,gross,144
9,2212806,gross,137
9,40756962,gross,291
9,2212808,gross,125
9,2212808,gross,699
9,2212809,gross,132
9,2212812,gross,157
9,2212813,gross,195
9,2212814,gross,106
9,2212816,gross,61
9,2212816,gross,59
9,2212816,gross,97.1
9,2212823,gross,25
9,2212823,gross,24
9,2212824,gross,25
9,2212824,gross,13
9,2212824,gross,97.1
9,2212825,gross,210.43
9,2212825,gross,41.25
9,2212830,gross,35
9,2212835,gross,20
9,2212835,gross,19
9,2212835,gross,16
9,2212836,gross,19
9,2212836,gross,16.47
9,2212837,gross,43
9,2212838,gross,144
9,2212839,gross,54
9,2212839,gross,55
9,2212839,gross,56
9,2212839,gross,48.21
9,2212839,gross,46
9,41950506,gross,20.88
9,2212840,gross,20.88
9,41950506,gross,43
9,2212840,gross,43
9,41950506,gross,21.72
9,2212840,gross,21.72
9,41962175,gross,43
9,2212841,gross,43
9,41951672,gross,39.44
9,2212842,gross,39.44
9,2212843,gross,59
9,2212843,gross,57
9,2212843,gross,49.36
9,2212844,gross,49
9,2212844,gross,53
9,2212844,gross,44.3
9,2212844,gross,44.36
9,41953566,gross,62
9,2212845,gross,62
9,41953566,gross,64
9,2212845,gross,64
9,41953566,gross,58
9,2212845,gross,58
9,41953566,gross,54.86
9,2212845,gross,54.86
9,41953566,gross,54.37
9,2212845,gross,54.37
9,2212849,gross,146
9,2212850,gross,144
9,2212850,gross,89.44
9,2212850,gross,147.3
9,2212851,gross,47.6
9,2212851,gross,43.07
9,2212851,gross,147.3
9,2212852,gross,74
9,2212853,gross,50
9,2212855,gross,59
9,2212855,gross,30
9,2212855,gross,57
9,2212856,gross,62
9,2212856,gross,30
9,2212856,gross,58
9,2212857,gross,62
9,2212858,gross,39
9,2212859,gross,39
9,2212860,gross,39
9,41931921,gross,39
9,2212861,gross,39
9,41931921,gross,57
9,2212861,gross,57
9,2212862,gross,48.2
9,2212862,gross,147.15
9,2212863,gross,57
9,2212864,gross,62
9,2212864,gross,54.45
9,2212864,gross,42.05
9,2212865,gross,70
9,2212865,gross,60.94
9,2212865,gross,48.9
9,41949763,gross,38.47
9,2212866,gross,38.47
9,2212868,gross,67
9,2212868,gross,51
9,2212868,gross,37.46
9,2212870,gross,62
9,2212870,gross,63
9,2212871,gross,143.5
9,2212871,gross,44.17
9,2212874,gross,95
9,2212876,gross,84
9,2212877,gross,132
9,42002719,gross,62
9,2212878,gross,62
9,42002719,gross,63
9,2212878,gross,63
9,42002719,gross,61
9,2212878,gross,61
9,42002719,gross,57
9,2212878,gross,57
9,42004943,gross,27
9,2212879,gross,27
9,42004943,gross,58
9,2212879,gross,58
9,42004943,gross,44.77
9,2212879,gross,44.77
9,42003330,gross,82
9,2212880,gross,82
9,42003330,gross,39
9,2212880,gross,39
9,42003330,gross,84
9,2212880,gross,84
9,42003330,gross,65.73
9,2212880,gross,65.73
9,42004688,gross,50
9,2212881,gross,50
9,42002794,gross,33.3
9,2212882,gross,33.3
9,42003649,gross,56
9,2212883,gross,56
9,42003649,gross,44.08
9,2212883,gross,44.08
9,42014374,gross,88.74
9,2212884,gross,88.74
9,42014374,gross,51
9,2212884,gross,51
9,42014372,gross,50
9,2212885,gross,50
9,42014372,gross,46
9,2212885,gross,46
9,42014372,gross,49
9,2212885,gross,49
9,41961968,gross,49
9,2212886,gross,49
9,2212887,gross,45
9,2212887,gross,47
9,2212887,gross,46
9,2212887,gross,5
9,2212887,gross,26
9,2212888,gross,48
9,2212889,gross,55
9,2212889,gross,56.22
9,2212890,gross,47
9,2212890,gross,56.22
9,2212891,gross,59
9,2212891,gross,26
9,2212892,gross,66
9,42014346,gross,105
9,2212894,gross,105
9,2212899,gross,57
9,2212899,gross,7
9,2212899,gross,15
9,2212900,gross,57
9,41958272,gross,63
9,2212903,gross,63
9,2212905,gross,92
9,2212905,gross,64.75
9,2212905,gross,44.03
9,2212907,gross,82
9,2212907,gross,84
9,2212907,gross,63
9,2212909,gross,61
9,2212909,gross,30
9,2212909,gross,6
9,2212909,gross,7
9,2212909,gross,57
9,2212909,gross,36
9,2212909,gross,15
9,2212910,gross,55
9,2212910,gross,7
9,2212910,gross,57
9,2212910,gross,48.7
9,2212910,gross,15
9,2212914,gross,63
9,2212914,gross,30
9,2212914,gross,57
9,2212915,gross,63
9,2212915,gross,30
9,2212915,gross,57
9,41962387,gross,57
9,40757049,gross,57
9,41962387,gross,59
9,40757049,gross,59
9,41962387,gross,58
9,40757049,gross,58
9,41962387,gross,49.56
9,40757049,gross,49.56
9,41962387,gross,49.58
9,40757049,gross,49.58
9,2212918,gross,61
9,2212918,gross,144
9,2212918,gross,8
9,2212918,gross,57
9,2212918,gross,26
9,2212919,gross,56.54
9,2212920,gross,55.96
9,2212921,gross,104
9,2212921,gross,169
9,2212921,gross,54
9,2212921,gross,1537.8
9,41950442,gross,68
9,2212923,gross,68
9,41950442,gross,61.95
9,2212923,gross,61.95
9,41950442,gross,70
9,2212923,gross,70
9,41950442,gross,69
9,2212923,gross,69
9,41950442,gross,59.59
9,2212923,gross,59.59
9,41950442,gross,97.1
9,2212923,gross,97.1
9,2212924,gross,61
9,2212924,gross,7
9,2212924,gross,60
9,2212924,gross,57
9,2212924,gross,53.96
9,2212924,gross,30
9,2212924,gross,53.46
9,41966494,gross,154
9,2212925,gross,154
9,2212936,gross,71
9,2212936,gross,447
9,2212936,gross,90
9,2212937,gross,45
9,2212937,gross,74
9,2212939,gross,80
9,2212939,gross,73
9,2212939,gross,82
9,2212940,gross,31
9,2212942,gross,31
9,2212945,gross,40
9,2212946,gross,37
9,40756971,gross,113.75
9,2212949,gross,53
9,2212954,gross,77
9,2212956,gross,118
9,41936560,gross,82
9,2212958,gross,82
9,2212979,gross,23
9,2212979,gross,30
9,2212979,gross,29
9,2212979,gross,27
9,2212979,gross,22.66
9,2212979,gross,41.94
9,2212979,gross,66.72
9,2212979,gross,18.37
9,2212980,gross,59
9,2212981,gross,41
9,2212982,gross,41
9,2212982,gross,36.74
9,2212982,gross,35.42
9,2212984,gross,37
9,2212985,gross,40
9,2212987,gross,40
9,2212988,gross,40
9,2212988,gross,32.15
9,2212990,gross,36
9,2212990,gross,35
9,2212990,gross,24.67
9,2212991,gross,25
9,2212991,gross,5
9,2212991,gross,26
9,2212991,gross,68.25
9,2212996,gross,45
9,2212999,gross,33
9,2212999,gross,31
9,2213000,gross,36
9,2213005,gross,304
9,2213006,gross,45
9,2213006,gross,46
9,2213006,gross,43
9,2213006,gross,36.69
9,2213009,gross,304
9,2213013,gross,68.09
9,2213013,gross,55.14
9,40757116,gross,119.16
9,40756935,gross,391.66
9,40756935,gross,113.75
9,2213022,gross,14.25
9,2213023,gross,16
9,2213026,gross,25
9,2213026,gross,40.32
9,2213026,gross,41.94
9,2213026,gross,19.96
9,2213026,gross,66.72
9,2213026,gross,16.17
9,2213027,gross,39
9,2213027,gross,38
9,2213027,gross,2.3
9,2213027,gross,7
9,2213029,gross,30
9,41956090,gross,45
9,2213031,gross,45
9,41956090,gross,33.55
9,2213031,gross,33.55
9,41956090,gross,66
9,2213031,gross,66
9,2213039,gross,19
9,2213039,gross,28
9,2213040,gross,23
9,2213040,gross,24
9,2213040,gross,22
9,2213040,gross,18.29
9,2213041,gross,26
9,2213041,gross,284
9,2213041,gross,24
9,2213041,gross,306.25
9,2213043,gross,76
9,2213043,gross,4.3
9,2213043,gross,7
9,2213044,gross,17
9,2213044,gross,16
9,2213044,gross,19
9,2213044,gross,18
9,2213047,gross,119
9,2213049,gross,70
9,2213049,gross,71
9,2213049,gross,72
9,2213049,gross,79.67
9,2213050,gross,128.99
9,2213051,gross,72
9,2213051,gross,68
9,2213051,gross,61.1
9,2213051,gross,60.94
9,2213051,gross,61
9,2213051,gross,338
9,2213051,gross,59.76
9,2213052,gross,165
9,2213052,gross,108
9,2213052,gross,158.38
9,2213053,gross,82
9,2213053,gross,42.96
9,2213054,gross,48
9,2213062,gross,42.96
9,2213063,gross,42.96
9,2213066,gross,42.96
9,2213067,gross,42.96
9,2213072,gross,42.96
9,2213074,gross,48
9,2213075,gross,190.75
9,2213077,gross,62
9,41959081,gross,104.83
9,2213079,gross,104.83
9,41959081,gross,46
9,2213079,gross,46
9,2213080,gross,48
9,2213080,gross,46
9,2213084,gross,219
9,2213085,gross,263
9,2213087,gross,41
9,2213087,gross,37
9,2213087,gross,5
9,2213087,gross,26
9,2213089,gross,48
9,42742380,gross,6
9,42742380,gross,36
9,42742380,gross,88.74
9,2213092,gross,74
9,2213092,gross,5
9,2213092,gross,10
9,2213095,gross,49
9,2213096,gross,48
9,2213097,gross,49
9,2213097,gross,63
9,2213099,gross,48
9,2213099,gross,175
9,2213103,gross,432
9,2213106,gross,498
9,2213109,gross,176.7
9,2213109,gross,169.24
9,2213114,gross,84
9,2213115,gross,76
9,2213115,gross,119.16
9,2213115,gross,148
9,2213115,gross,101
9,2213115,gross,245
9,2213115,gross,98
9,2213115,gross,91.8
9,2213115,gross,176.7
9,2213115,gross,92.51
9,2213115,gross,189.44
9,2213115,gross,107.22
9,40757083,gross,344
9,2213118,gross,373
9,2213119,gross,145.39
9,2213119,gross,121.88
9,40756898,gross,160.35
9,40757077,gross,215
9,40757077,gross,199.46
9,2213126,gross,240
9,2213127,gross,140
9,2213127,gross,791.63
9,2213127,gross,363.14
9,2213129,gross,92.02
9,2213129,gross,207
9,2213129,gross,480
9,2213129,gross,106.91
9,2213129,gross,91.88
9,2213130,gross,122.18
9,2213130,gross,480
9,2213130,gross,221
9,2213130,gross,123.18
9,2213130,gross,200
9,2213130,gross,123.12
9,2213130,gross,73.47
9,2213130,gross,743.75
9,2213130,gross,145.42
9,2213135,gross,102
9,2213135,gross,106
9,2213135,gross,245
9,2213141,gross,91.88
9,2213142,gross,355
9,2213144,gross,491
9,2213144,gross,119
9,2213153,gross,119.16
9,710008,gross,96.5
9,2213162,gross,76
9,2213162,gross,119.16
9,2213162,gross,148
9,2213162,gross,101
9,2213162,gross,245
9,2213162,gross,98
9,2213162,gross,91.8
9,2213162,gross,176.7
9,2213162,gross,92.51
9,2213162,gross,107.22
9,41948541,gross,106
9,46257666,gross,106
9,41948541,gross,91.76
9,46257666,gross,91.76
9,41948541,gross,91.8
9,46257666,gross,91.8
9,41948541,gross,92.51
9,46257666,gross,92.51
9,41948541,gross,119.16
9,46257666,gross,119.16
9,41943195,gross,91.8
9,46257667,gross,91.8
9,41943195,gross,91.88
9,46257667,gross,91.88
9,700360,gross,65
9,2213168,gross,99
9,41937807,gross,91.8
9,44816441,gross,91.8
9,41937807,gross,176.7
9,44816441,gross,176.7
9,41937807,gross,169.24
9,44816441,gross,169.24
9,2213175,gross,364
9,2213175,gross,514
9,2213175,gross,384
9,2213175,gross,169
9,2213175,gross,134
9,2213175,gross,293
9,2213175,gross,429
9,2213175,gross,101
9,2213175,gross,229
9,2213175,gross,157.5
9,2213175,gross,313.58
9,2213175,gross,134.42
9,2213175,gross,704.81
9,2213175,gross,622.51
9,2213175,gross,176.7
9,2213175,gross,169.24
9,2213175,gross,119.16
9,2213175,gross,210
9,2213176,gross,504
9,2213176,gross,492
9,2213178,gross,432
9,2213179,gross,49
9,2213181,gross,42.96
9,2213181,gross,10
9,2213181,gross,50
9,2213181,gross,31
9,2213182,gross,42.85
9,2213187,gross,42.9
9,2213187,gross,22
9,2213187,gross,4
9,2213188,gross,48
9,2213188,gross,49
9,2213188,gross,50
9,2213188,gross,284
9,2213189,gross,514.5
9,2213191,gross,371
9,2213191,gross,334
9,2213191,gross,322
9,2213191,gross,841.76
9,2213191,gross,514.5
9,43527978,gross,292.82
9,2213204,gross,2200
9,2213212,gross,183
9,2213212,gross,93
9,2213215,gross,113
9,41945855,gross,190
9,2213216,gross,190
9,41945855,gross,147
9,2213216,gross,147
9,42004967,gross,1229.51
9,40757051,gross,1229.51
9,2213221,gross,87
9,2213221,gross,89
9,2213221,gross,75.82
9,2213221,gross,85
9,2213221,gross,76.42
9,42014364,gross,79
9,2213232,gross,79
9,42014394,gross,93
9,2213233,gross,93
9,2213235,gross,47
9,2213235,gross,46
9,42003964,gross,164
9,2213242,gross,164
9,2213244,gross,98.03
9,2213244,gross,40.09
9,2213244,gross,112
9,2213244,gross,108
9,2213244,gross,70
9,2213244,gross,97.24
9,2213244,gross,98.04
9,2213246,gross,100.46
9,42014383,gross,77
9,2213247,gross,77
9,42014383,gross,514.22
9,2213247,gross,514.22
9,2213248,gross,42
9,2213248,gross,128
9,42014357,gross,138
9,2213249,gross,138
9,2213251,gross,296
9,2213253,gross,470
9,2213253,gross,320.28
9,2213253,gross,200
9,2213253,gross,439.45
9,2213254,gross,586
9,2213254,gross,475
9,2213264,gross,502
9,2213264,gross,342.68
9,2213264,gross,200
9,2213264,gross,470.2
9,2213269,gross,62
9,2213269,gross,177.82
9,2213272,gross,97
9,2213273,gross,177.82
9,2213277,gross,137
9,2213277,gross,93.24
9,2213277,gross,85.25
9,2213278,gross,12
9,2213278,gross,29.16
9,2213280,gross,74.94
9,2213281,gross,84
9,2213282,gross,164
9,2213283,gross,164
9,2213284,gross,196
9,2213284,gross,514.22
9,2213285,gross,786.7
9,2213286,gross,46
9,2213287,gross,89
9,2213287,gross,164
9,2213288,gross,164
9,2213292,gross,425
9,2213296,gross,92
9,2213297,gross,50
9,2213298,gross,1487.64
9,46257426,gross,156
9,41960872,gross,156
9,2213300,gross,156
9,41960872,gross,514.22
9,2213300,gross,514.22
9,46257534,gross,514.22
9,2213308,gross,514.22
9,2213309,gross,514.22
9,40756870,gross,80.38
9,46257710,gross,156
9,2213311,gross,277
9,2213312,gross,514.22
9,2213313,gross,100.46
9,46257711,gross,504.96
9,46257676,gross,504.96
9,2213323,gross,12
9,2213327,gross,21
9,2213327,gross,22
9,41940196,gross,23
9,2213328,gross,23
9,41958079,gross,31
9,2213330,gross,31
9,2213340,gross,32.75
9,2213368,gross,50
9,2213369,gross,50
9,2213403,gross,1963.35
9,2213418,gross,50
9,2213418,gross,40
9,2213419,gross,25
9,2213437,gross,59.9
9,2213448,gross,228
9,2213449,gross,778.45
9,44816521,gross,35
9,44816520,gross,35
9,2213466,gross,101
9,2213473,gross,42.77
9,2213474,gross,99.2
9,19135858,gross,105
9,2213483,gross,105
9,2313748,gross,250
9,41955934,gross,548
9,40041239,gross,548
9,2313789,gross,548
9,41955934,gross,520
9,40041239,gross,520
9,2313789,gross,520
9,41955769,gross,402
9,2313790,gross,402
9,41966568,gross,1094
9,40077372,gross,1094
9,2313791,gross,1094
9,41960167,gross,104
9,40051753,gross,104
9,2313815,gross,104
9,19062566,gross,900
9,2313821,gross,900
9,2313869,gross,1575
9,2313870,gross,775
9,2313871,gross,795
9,40046211,gross,1495
9,2313872,gross,1495
9,2313879,gross,445
9,40065426,gross,400
9,2313881,gross,400
9,2313882,gross,1725
9,19062677,gross,175
9,2313884,gross,175
9,2313971,gross,175
9,2313972,gross,240
9,2313975,gross,799
9,19063467,gross,435
9,2313982,gross,435
9,19063467,gross,292
9,2313982,gross,292
9,2313983,gross,560
9,2313983,gross,292
9,2313984,gross,610
9,19063469,gross,715
9,2313985,gross,715
9,2313987,gross,700
9,2313990,gross,995
9,2313992,gross,515
9,2313992,gross,550
9,2313992,gross,875
9,2313993,gross,660
9,2313995,gross,590
9,2314001,gross,518
9,2314004,gross,220
9,2314008,gross,228
9,40000208,gross,170
9,725114,gross,170
9,2314026,gross,65
9,2314026,gross,96
9,2314026,gross,81
9,2314026,gross,56
9,19063817,gross,463
9,2314035,gross,463
9,19063817,gross,233
9,2314035,gross,233
9,2314039,gross,125
9,2314039,gross,230
9,2314040,gross,125
9,2314040,gross,72
9,42742387,gross,112
9,42742387,gross,115
9,42742498,gross,115
9,2314047,gross,35
9,2314049,gross,166
9,2314050,gross,235
9,2314095,gross,2289
9,2314099,gross,2595
9,2314100,gross,2826
9,2314103,gross,598
9,2314104,gross,642
9,2314151,gross,1107
9,2314164,gross,548
9,2314204,gross,240
9,2314205,gross,100
9,2314206,gross,240
9,2314207,gross,100
9,2314208,gross,100
9,2314209,gross,73
9,2314209,gross,100
9,2314213,gross,60
9,2314215,gross,100
9,2314216,gross,100
9,2314217,gross,90
9,2314244,gross,125
9,2314302,gross,290
9,2314303,gross,145
9,2314305,gross,306
9,2314306,gross,306
9,2314307,gross,586
9,2314318,gross,33
9,2314319,gross,28
9,42628687,gross,248
9,42628688,gross,248
9,2414388,gross,113
9,2414390,gross,255
9,2414395,gross,255
9,2514402,gross,18.05
9,2514402,gross,30.67
9,2514402,gross,45.88
9,2514403,gross,59.42
9,2514433,gross,138
9,2514434,gross,186
9,2514435,gross,261
9,2514436,gross,458
9,2514437,gross,596
9,2514442,gross,611
9,2614697,gross,41
9,40658177,gross,138.15
9,40658177,gross,333.8
9,40658177,gross,3420
9,2614906,gross,9
9,2615090,gross,528.85
9,2615191,gross,3.5
9,2615192,gross,3.5
9,2615193,gross,3.5
9,2615322,gross,113
9,2615325,gross,124
9,2615333,gross,115
9,2615337,gross,80
9,2615338,gross,165
9,2615342,gross,1605
9,2615349,gross,165
9,2615358,gross,87
9,2615361,gross,393
9,2615362,gross,368
9,2615362,gross,367
9,2615368,gross,4162
9,2615373,gross,650
9,2615379,gross,269
9,2615381,gross,327
9,2615383,gross,511
9,2615395,gross,3
9,2615397,gross,3
9,2615740,gross,418
9,2615740,gross,481.25
9,2615740,gross,457
9,2615740,gross,81.25
9,2615740,gross,1302
9,2615740,gross,431.2
9,2615740,gross,1566.6
9,2615740,gross,1115.8
9,2615740,gross,462
9,2615740,gross,504.35
9,2615740,gross,76.75
9,2615740,gross,662.2
9,2615740,gross,85.3
9,2615740,gross,300.3
9,2615740,gross,170.65
9,2615740,gross,116
9,2615740,gross,1530.2
9,2615740,gross,1619.8
9,2615740,gross,828.8
9,2615740,gross,886.2
9,2615740,gross,910
9,2615740,gross,478.8
9,2615740,gross,511
9,2615740,gross,548.8
9,2615740,gross,581
9,2615740,gross,74.8
9,2615740,gross,638.4
9,2615740,gross,999.6
9,2615740,gross,133
9,2615740,gross,35.1
9,2615740,gross,99
9,2615740,gross,107
9,2615740,gross,369.6
9,2615740,gross,375.4
9,2615740,gross,732.2
9,2615740,gross,847
9,2615740,gross,1019.2
9,2615740,gross,1314
9,2615740,gross,1097.6
9,2615740,gross,1257.2
9,2615740,gross,1334.2
9,2615740,gross,1324.4
9,2615740,gross,487
9,2615740,gross,321.5
9,2615740,gross,59.4
9,2615740,gross,547.4
9,2615740,gross,582.4
9,2615740,gross,637
9,2615740,gross,683.2
9,2615740,gross,691.6
9,2615740,gross,722.4
9,2615740,gross,783.3
9,2615740,gross,664.2
9,2615740,gross,669.2
9,2615740,gross,977.2
9,2615740,gross,433.15
9,2615740,gross,442.75
9,2615740,gross,465.85
9,2615740,gross,932.4
9,2615740,gross,978.6
9,2615740,gross,1020.6
9,2615740,gross,1058.4
9,2615740,gross,2935.8
9,2615740,gross,2846.2
9,2615740,gross,650
9,2615740,gross,560.5
9,2615740,gross,746
9,2615740,gross,520
9,2615740,gross,522
9,2615740,gross,812
9,2615740,gross,607.75
9,2615740,gross,570
9,2615740,gross,30.35
9,2615740,gross,58.25
9,2615740,gross,2685.2
9,2615740,gross,2716
9,2615740,gross,319
9,2615740,gross,1563.8
9,2615740,gross,1612.8
9,2615740,gross,98.4
9,2615740,gross,99.5
9,2615740,gross,236.6
9,2615740,gross,252.5
9,2615740,gross,268.45
9,2615740,gross,291.2
9,2615740,gross,184.25
9,2615740,gross,196.8
9,2615740,gross,167.2
9,2615740,gross,185.4
9,2615740,gross,587.8
9,2615740,gross,541.5
9,2615740,gross,670
9,2615740,gross,632.5
9,2615740,gross,614
9,2615740,gross,643.5
9,2615740,gross,840
9,2615740,gross,720
9,2615740,gross,2524.2
9,2615740,gross,316.25
9,2615740,gross,660
9,2615740,gross,330
9,2615740,gross,1177.4
9,2615740,gross,1212.4
9,2615740,gross,1162
9,2615740,gross,772.8
9,2615740,gross,819
9,2615740,gross,1345.4
9,2615740,gross,304.15
9,2615740,gross,552.9
9,2615740,gross,487.65
9,2615740,gross,680
9,2615740,gross,522.5
9,2615740,gross,600.2
9,2615740,gross,915.6
9,2615740,gross,469.7
9,2615740,gross,3322.2
9,2615740,gross,3630.2
9,2615740,gross,800
9,2615740,gross,590
9,2615740,gross,1864.8
9,2615740,gross,810
9,2615740,gross,348.5
9,2615740,gross,1794.8
9,2615740,gross,1866.2
9,2615740,gross,1936.2
9,2615740,gross,2007.6
9,2615740,gross,105.2
9,2615740,gross,512
9,2615740,gross,450.5
9,2615740,gross,294.5
9,2615740,gross,2717.4
9,2615740,gross,221.8
9,2615740,gross,232
9,2615740,gross,145.6
9,2615740,gross,190
9,2615740,gross,637.2
9,2615740,gross,608.3
9,2615740,gross,583.25
9,2615740,gross,527.8
9,2615740,gross,666
9,2615740,gross,529.2
9,2615740,gross,520.8
9,2615740,gross,515.2
9,2615740,gross,513.8
9,2615740,gross,665
9,2615740,gross,491
9,2615740,gross,429.25
9,2615740,gross,2886.8
9,2615740,gross,2931.6
9,2615740,gross,3004.4
9,2615740,gross,3088.4
9,2615740,gross,3207.4
9,2615740,gross,29.75
9,2615740,gross,1598
9,2615740,gross,321.75
9,2615740,gross,1820
9,2615740,gross,1800
9,2615740,gross,2875.6
9,2615740,gross,2928.8
9,2615740,gross,3038
9,2615740,gross,3099.6
9,2615740,gross,3267.6
9,2615740,gross,3333.4
9,2615740,gross,446.6
9,2615740,gross,668
9,2615740,gross,544.6
9,2615740,gross,415.8
9,2615740,gross,2655.8
9,2615740,gross,2688
9,2615740,gross,2718.8
9,2615740,gross,2748.2
9,2615740,gross,2780.4
9,2615740,gross,2809.8
9,2615740,gross,32.15
9,2615740,gross,852.6
9,2615740,gross,2566
9,2615740,gross,2974
9,2615740,gross,2755
9,2615740,gross,2786
9,2615740,gross,2814
9,2615740,gross,2843
9,2615740,gross,2932
9,2615740,gross,2965
9,2615740,gross,2996
9,2615740,gross,3025
9,2615740,gross,1505
9,2615740,gross,1574
9,2615740,gross,1652
9,2615740,gross,1736
9,2615740,gross,1819
9,2615740,gross,138.75
9,2615740,gross,387
9,2615740,gross,365.75
9,2615740,gross,109.2
9,2615740,gross,1760
9,2615741,gross,6290
9,2615752,gross,322
9,2615753,gross,3352.7
9,2615753,gross,449.65
9,2615753,gross,289.25
9,2615756,gross,173
9,2615762,gross,522
9,2615762,gross,497
9,2615762,gross,173
9,2615762,gross,347
9,2615762,gross,458
9,2615762,gross,506
9,2615769,gross,27.35
9,2615769,gross,33
9,2615769,gross,38.35
9,2615771,gross,591.25
9,2615772,gross,2566.2
9,2615774,gross,7700
9,2615774,gross,10590
9,2615777,gross,23360
9,2615779,gross,10
9,2615779,gross,142
9,2615779,gross,155.6
9,2615779,gross,237.8
9,2615779,gross,33.6
9,2615779,gross,33
9,2615779,gross,163.8
9,2615779,gross,162.35
9,2615779,gross,99.45
9,2615779,gross,152.1
9,2615779,gross,280.8
9,2615779,gross,56.25
9,2615781,gross,1482
9,2615781,gross,1426
9,2615781,gross,1450
9,2615781,gross,2490
9,2615781,gross,2320
9,2615781,gross,1592
9,2615781,gross,1705.25
9,2615781,gross,2014.15
9,2615786,gross,1986
9,2615788,gross,7110
9,2615789,gross,516
9,2615789,gross,505
9,2615790,gross,368.5
9,2615790,gross,276.25
9,2615790,gross,382.25
9,2615790,gross,492.25
9,2615790,gross,950
9,2615790,gross,409.75
9,2615791,gross,368.5
9,2615791,gross,467.5
9,2615791,gross,292.5
9,2615791,gross,2451
9,2615791,gross,128.35
9,2615791,gross,289.25
9,2615791,gross,700
9,2615791,gross,2478
9,2615791,gross,3294
9,2615791,gross,279.6
9,2615791,gross,343
9,2615791,gross,206
9,2615797,gross,2380
9,2615798,gross,516
9,2615856,gross,1710
9,2615856,gross,1374
9,2615857,gross,1150
9,2615863,gross,1902
9,2615865,gross,136.4
9,2615870,gross,326.5
9,2615870,gross,572
9,2615873,gross,857
9,2615874,gross,1150
9,2615874,gross,1850
9,2615954,gross,168.5
9,2615954,gross,405
9,2615954,gross,315.25
9,2615954,gross,294
9,2615954,gross,161
9,915591,gross,3580
9,2615960,gross,1783.5
9,2616246,gross,2050
9,2616247,gross,2425
9,2616250,gross,1500
9,2616253,gross,2000
9,2616255,gross,2100
9,2616256,gross,2400
9,2616258,gross,2100
9,2616259,gross,2300
9,2616262,gross,2075
9,2616266,gross,1075
9,2616271,gross,1595
9,2616387,gross,2250.5
9,2616390,gross,194
9,2616390,gross,467
9,2616390,gross,1470.5
9,2616390,gross,516.4
9,2616390,gross,502
9,2616390,gross,766
9,937618,gross,6000
9,2617177,gross,40
9,2617177,gross,50
9,2617178,gross,40
9,2617179,gross,20.45
9,2617179,gross,40
9,2617206,gross,80
9,2617207,gross,518
9,2617208,gross,2174
9,2617223,gross,2174
9,2617225,gross,70
9,2617225,gross,112
9,2617322,gross,44
9,2617323,gross,165
9,2617324,gross,42
9,2617376,gross,700
9,40661971,gross,155
9,40660437,gross,390
9,915612,gross,88.74
9,40664582,gross,2.5
9,2718239,gross,19
9,2718356,gross,17
9,2718433,gross,502.56
9,2718503,gross,23
9,2718541,gross,19
9,2718543,gross,27.9
9,2718543,gross,18.4
9,2718565,gross,172
9,2718566,gross,172
9,2718569,gross,48
9,2718569,gross,71
9,2718569,gross,47
9,2718571,gross,85
9,2718593,gross,19
9,2718638,gross,33
9,2718651,gross,34
9,2718651,gross,21
9,2718651,gross,16
9,2718651,gross,42.77
9,2718651,gross,7.5
9,2718651,gross,1.25
9,2718651,gross,19.15
9,2718651,gross,150
9,2718656,gross,42.29
9,2718660,gross,41
9,2718662,gross,41
9,2718662,gross,40
9,2718666,gross,41
9,2719419,gross,30
9,2719425,gross,151
9,2719431,gross,114
9,2719566,gross,127
9,2719576,gross,981
9,2719587,gross,128
9,2719589,gross,107
9,44786590,gross,798
9,2719615,gross,233
9,2719649,gross,753
9,2719786,gross,51
9,2719829,gross,58
9,44786593,gross,241
9,2719897,gross,81
9,2719961,gross,104
9,2719965,gross,159
9,44786595,gross,168
9,44786596,gross,324
9,2720446,gross,560
9,2720450,gross,468.16
9,2720450,gross,1012
9,2720450,gross,585.65
9,2720450,gross,802.5
9,2720450,gross,880
9,2720450,gross,832.48
9,2720462,gross,1668
9,2720479,gross,11790
9,2720482,gross,492.25
9,2720482,gross,1990
9,2720482,gross,3600
9,2720482,gross,3034
9,2720516,gross,870
9,2720518,gross,108
9,2720522,gross,497.25
9,2720523,gross,159.74
9,2720533,gross,895
9,2720536,gross,1062
9,2720546,gross,139
9,2720554,gross,598
9,2720562,gross,56
9,2720562,gross,11
9,40664532,gross,35
9,40664532,gross,78
9,2720700,gross,95
9,2720793,gross,107
9,2720794,gross,16
9,2720798,gross,3250
9,2720798,gross,130
9,2720799,gross,6130
9,2720799,gross,7790
9,40664568,gross,50
9,43533331,gross,2200
9,43533331,gross,2700
9,43533331,gross,5300
9,43533331,gross,1600
9,43533331,gross,4400
9,43533331,gross,990
9,43533237,gross,5300
9,43533237,gross,1600
9,43533237,gross,2200
9,43533237,gross,2700
9,43533237,gross,4400
9,43533237,gross,2900
9,43533237,gross,990
9,45890822,gross,1238
9,45890822,gross,2488
9,953232,gross,1430
9,953232,gross,1990
9,953232,gross,2390
9,953232,gross,2590
9,953222,gross,800
9,953222,gross,1600
9,953222,gross,5000
9,953222,gross,10800
9,2720860,gross,60
9,2720868,gross,1
9,2720870,gross,2
9,2720870,gross,291.5
9,2721879,gross,276.25
9,2721881,gross,343.75
9,2721881,gross,409.75
9,2721881,gross,368.5
9,2721910,gross,5800
